424694,Bohemian Rhapsody
483906,Polar
480530,Creed II
450465,Glass
401469,Widows
332562,A Star Is Born
504172,The Mule
433249,IO
505954,Т-34
337167,Fifty Shades Freed
375262,The Favourite
405774,Bird Box
369972,First Man
429197,Vice
426426,Roma
568709,Preman Pensiun
490132,Green Book
487558,BlacKkKlansman
489999,Searching
401847,Can You Ever Forgive Me?
484247,A Simple Favor
440626,Собибор
465914,If Beale Street Could Talk
157336,Interstellar
361292,Suspiria
452832,Serenity
447332,A Quiet Place
446021,Bad Times at the El Royale
399360,Alpha
340613,The Wife
451915,Beautiful Boy
65754,The Girl with the Dragon Tattoo
49047,Gravity
210577,Gone Girl
458594,Peppermint
470044,The Hate U Give
401545,Todos lo saben
315635,Spider-Man: Homecoming
475132,A Private War
400535,Sicario: Day of the Soldado
414919,Hart Beat
155,The Dark Knight
516716,Milly & Mamet
443055,Love of My Life
263115,Logan
457136,Mary Queen of Scots
462391,ஆண் தேவதை
398173,The House That Jack Built
489930,Blindspotting
407436,Mowgli: Legend of the Jungle
244786,Whiplash
440472,The Upside
316029,The Greatest Showman
272,Batman Begins
466411,Speed Kills
119450,Dawn of the Planet of the Apes
511404,Les Estivants
205596,The Imitation Game
485164,Pearl
446101,Assassination Nation
286217,The Martian
449459,The Vanishing
49026,The Dark Knight Rises
438808,White Boy Rick
537996,The Ballad of Buster Scruggs
254128,San Andreas
455207,Crazy Rich Asians
281957,The Revenant
350,The Devil Wears Prada
150540,Inside Out
329865,Arrival
68718,Django Unchained
169917,A Walk Among the Tombstones
241554,Run All Night
565391,The Tomorrow Man
518731,L'amour debout
194662,Birdman
542424,Ulysse & Mona
8966,Twilight
484436,Ánimas
507076,Climax
374720,Dunkirk
307081,Southpaw
228150,Fury
313369,La La Land
106646,The Wolf of Wall Street
454227,Outlaw King
520360,King of Thieves
61791,Rise of the Planet of the Apes
381284,Hidden Figures
168259,Furious 7
455980,Tag
242582,Nightcrawler
500919,211
1124,The Prestige
438145,Black '47
464502,Acrimony
16869,Inglourious Basterds
458737,First Reformed
150689,Cinderella
281338,War for the Planet of the Apes
484638,L'Intervention
49017,Dracula Untold
53182,300: Rise of an Empire
346672,Underworld: Blood Wars
451925,Time Freak
440161,The Sisters Brothers
11324,Shutter Island
273248,The Hateful Eight
398818,Call Me by Your Name
273481,Sicario
399055,The Shape of Water
419743,Disobedience
395990,Death Wish
359940,Three Billboards Outside Ebbing, Missouri
500852,Miss Bala
216015,Fifty Shades of Grey
474354,22 July
340674,Dark Crimes
17979,A Christmas Carol
372058,君の名は。
315837,Ghost in the Shell
527228,Shinaab, Part II
414191,Our House
472451,Boy Erased
339103,Gotti
449176,Love, Simon
1422,The Departed
500475,SuperFly
324786,Hacksaw Ridge
18239,The Twilight Saga: New Moon
483184,Dogman
392044,Murder on the Orient Express
575337,Symphony No. 9
278927,The Jungle Book
264660,Ex Machina
1417,El laberinto del fauno
395841,Hold the Dark
491472,At Eternity's Gate
574467,The Warden
312221,Creed
62764,Mirror Mirror
440298,Zimna wojna
569547,Black Mirror: Bandersnatch
401905,Fahrenheit 451
274857,King Arthur: Legend of the Sword
147441,Exodus: Gods and Kings
154400,The Drop
476292,さよならの朝に約束の花をかざろう
334543,Lion
476667,Les Éléphants Perdus
293768,Kidnap
486947,Den skyldige
514933,Русский Бес
470894,At First Light
14574,The Boy in the Striped Pyjamas
121046,Eternity
513340,Animals
429351,12 Strong
448776,A Prayer Before Dawn
400579,Tully
265208,Wild Card
396371,Molly's Game
64690,Drive
58595,Snow White and the Huntsman
220882,London Fields
532869,NGK
417261,Forever My Girl
391713,Lady Bird
400617,Phantom Thread
652,Troy
24021,The Twilight Saga: Eclipse
468362,The Angel
196867,Annie
429203,The Old Man & the Gun
222935,The Fault in Our Stars
491418,Instant Family
536413,純平、考え直せ
460071,Lizzie
566100,Keluarga Cemara
446354,The Post
462919,Sierra Burgess Is a Loser
37799,The Social Network
341174,Fifty Shades Darker
467952,The Catcher Was a Spy
152601,Her
120467,The Grand Budapest Hotel
489931,American Animals
6977,No Country for Old Men
2502,The Bourne Supremacy
561,Constantine
332567,The Shallows
335797,Sing
146233,Prisoners
454652,Colette
38,Eternal Sunshine of the Spotless Mind
11036,The Notebook
381283,mother!
393624,Official Secrets
261470,Perdona si te llamo amor
429417,Ghost Stories
369523,The Tale
296096,Me Before You
530442,My Teacher, My Obsession
11130,The Princess Diaries 2: Royal Engagement
73881,La fonte des neiges
502682,Book Club
449924,葉問4
419478,Midnight Sun
15472,Män som hatar kvinnor
370663,Below Her Mouth
473019,The Souvenir
314365,Spotlight
517814,کفرناحوم
536176,Brexit: The Uncivil War
433498,Papillon
438650,Cold Pursuit
491584,버닝
429415,Extinction
557648,Rent
6479,I Am Legend
398181,You Were Never Really Here
287495,Im Labyrinth des Schweigens
59440,Warrior
50620,The Twilight Saga: Breaking Dawn - Part 2
571419,Спасти Ленинград
572667,Terlalu Tampan
459910,Braven
565593,Dolce Fine Giornata
77338,Intouchables
455108,The Little Stranger
64682,The Great Gatsby
406997,Wonder
2503,The Bourne Ultimatum
27022,The Sorcerer's Apprentice
395991,Only the Brave
443009,Don't Worry, He Won't Get Far on Foot
70,Million Dollar Baby
283366,Miss Peregrine's Home for Peculiar Children
385360,Billionaire Boys Club
333696,Nackt unter Wölfen
6023,P.S. I Love You
1402,The Pursuit of Happyness
465136,Every Day
13813,Defiance
39254,Real Steel
425972,Cargo
45269,The King's Speech
7485,Shooter
432301,Chappaquiddick
426613,The Miseducation of Cameron Post
82693,Silver Linings Playbook
787,Mr. & Mrs. Smith
385332,Terminal
112160,Chroniques sexuelles d'une famille d'aujourd'hui
421471,Flower
87827,Life of Pi
44214,Black Swan
470229,Summer of 84
50646,Crazy, Stupid, Love.
489929,Destination Wedding
399404,Darkest Hour
290595,The Huntsman: Winter's War
554731,A Man Called Ahok
491622,iमणिकर्णिका
396461,Under the Silver Lake
254320,The Lobster
505192,万引き家族
508763,A Dog's Way Home
399170,Logan Lucky
176147,Heimliche Liebe - Der Schüler und die Postbotin
429200,Good Time
293863,The Age of Adaline
333371,10 Cloverfield Lane
13885,Sweeney Todd: The Demon Barber of Fleet Street
437586,Mid90s
11321,Seven Pounds
75780,Jack Reacher
290098,아가씨
205587,The Judge
406990,What Happened to Monday
470878,I Can Only Imagine
302401,Snowden
487670,The Death of Superman
274870,Passengers
4348,Pride & Prejudice
76726,Chronicle
5289,Chaos
10200,The Day the Earth Stood Still
554733,Orang Kaya Baru
346685,The Girl on the Train
395834,Wind River
13811,Knowing
301337,Downsizing
44826,Hugo
394117,The Florida Project
353326,The Man Who Knew Infinity
84892,The Perks of Being a Wallflower
503346,Occupation
400710,Flatliners
453201,The 15:17 to Paris
23168,The Town
318846,The Big Short
9339,Click
375785,Then Came You
300671,13 Hours: The Secret Soldiers of Benghazi
139567,Fire with Fire
1640,Crash
390062,Jungle
546765,雪の華
376867,Moonlight
402298,Denial
382591,Demain tout commence
171274,Inherent Vice
20662,Robin Hood
379149,The Foreigner
1949,Zodiac
6947,The Village
443463,Leave No Trace
372343,The Snowman
400928,Gifted
533148,Ek Ladki Ko Dekha Toh Aisa Laga
1495,Kingdom of Heaven
399057,The Killing of a Sacred Deer
469721,The Cured
345934,Air Strike
1246,Rocky Balboa
433683,Қазақ хандығы. Алмас қылыш
511785,Alex Strangelove
116745,The Secret Life of Walter Mitty
88005,Seeking a Friend for the End of the World
68734,Argo
302946,The Accountant
389015,I, Tonya
122906,About Time
4347,Atonement
2567,The Aviator
339692,Shot Caller
390874,Ashes in the Snow
381289,A Dog's Purpose
394741,Stan & Ollie
48492,狄仁傑之通天帝國
454283,Action Point
68724,Elysium
264999,Magic Mike XXL
83542,Cloud Atlas
332283,Mary Shelley
192102,3 Days to Kill
339988,The Circle
8204,The Spiderwick Chronicles
